<?xml version="1.0" encoding="UTF-8"?>
<beans xmlns="http://www.springframework.org/schema/beans"
       xmlns:xsi="http://www.w3.org/2001/XMLSchema-instance"
       xmlns:p="http://www.springframework.org/schema/p"
       xmlns:jee="http://www.springframework.org/schema/jee"
       xmlns:util="http://www.springframework.org/schema/util"
       xmlns:jpa="http://www.springframework.org/schema/data/jpa"
       xsi:schemaLocation="http://www.springframework.org/schema/beans  http://www.springframework.org/schema/beans/spring-beans.xsd
                           http://www.springframework.org/schema/jee    http://www.springframework.org/schema/jee/spring-jee.xsd
                           http://www.springframework.org/schema/data/jpa http://www.springframework.org/schema/data/jpa/spring-jpa.xsd
                           http://www.springframework.org/schema/util   http://www.springframework.org/schema/util/spring-util.xsd">
    <!--
    ***************************************************************************************************************
    * JNDI Resource
    ***************************************************************************************************************
    -->
    <jee:jndi-lookup id="dataSource"
                     jndi-name="jdbc/DB2_JPA_STY_${datasource.environment}"/>

    <jee:jndi-lookup id="tmwDataSource"
                     jndi-name="jdbc/TMW_${datasource.environment}" />

    <!--
    ********************************************************************************************************************
    * JPA Properties
    ********************************************************************************************************************
        <entry key="hibernate.multi_tenant_connection_provider" value-ref="multitenancyConnectionProvider"/>
        <entry key="hibernate.tenant_identifier_resolver" value-ref="tenantResolver"/>
        <entry key="hibernate.multiTenancy" value="DATABASE"/>
        <entry key="hibernate.default_schema" value="${schema.jpa}"/>
    -->
    <util:properties id="jpaProperties">
        <prop key="showSql">true</prop>
    </util:properties>

    <!--
    ********************************************************************************************************************
    * JPA Vendor Adapter
    ********************************************************************************************************************
    -->
    <bean id="jpaVendorAdapter"
          class="org.springframework.orm.jpa.vendor.HibernateJpaVendorAdapter"
          p:database="DB2"
          p:showSql="true"
          p:generateDdl="false"/>

    <!--
    ********************************************************************************************************************
    * JPA Dialect
    ********************************************************************************************************************
    -->
    <bean id="jpaDialect"
          class="org.springframework.orm.jpa.vendor.HibernateJpaDialect"/>

    <!--
    ********************************************************************************************************************
    * JPA Transaction Manager
    ********************************************************************************************************************
    -->
    <bean id="transactionManager"
          class="org.springframework.orm.jpa.JpaTransactionManager"
          p:entityManagerFactory-ref="entityManager"/>


    <!--
    ********************************************************************************************************************
    * Spring Data JPA Repository
    ********************************************************************************************************************
    -->
    <jpa:repositories base-package="com.kenco.sims.repository.jpa.data"
                      entity-manager-factory-ref="entityManager"
                      transaction-manager-ref="transactionManager"/>

</beans>