<?xml version="1.0" encoding="UTF-8"?>
<Authorities>
    <!--
    ********************************************************************************************************************
    * STRYKER_SIMS_IT.
    ********************************************************************************************************************
    -->
    <Authority name="Activities"                    roleId="1" menuItemId="74E6F78B-B8C2-4D4F-AED2-819C05ECDD7B" />
        <Authority name="Request Transfer"              roleId="1" menuItemId="AAB142D2-489C-4A5D-A21C-9B469E4FB8B0" />
        <Authority name="Trial Transfers"               roleId="1" menuItemId="D66653AE-209B-43F5-B80A-4935B3C35CFF" />
        <Authority name="Inventory Mgmnt"               roleId="1" menuItemId="A421930C-CBE2-450A-B60D-5CC431F95BA9" />
        <Authority name="Tracked Process Logs"          roleId="1" menuItemId="EA55EF82-034A-4901-9A65-C07C773593D2" />
        <Authority name="Rep Contact Entry"             roleId="1" menuItemId="F675B821-394C-4865-B3E3-F2B32CA4AA50" />
        <Authority name="Sales Rep Maint"               roleId="1" menuItemId="E98FFCC9-0C0C-4B58-B940-81C99790B393" />
    <Authority name="Inquiry/Lookup"                roleId="1" menuItemId="6A3C7690-3C59-4E49-AC4A-C4321A10AC4E" />
        <Authority name="Order Inquiry"                 roleId="1" menuItemId="5AEAD5C9-F445-4036-96A9-7BFCA7646745" />
        <Authority name="History Lookup"                roleId="1" menuItemId="E408D380-9F05-4E60-9E82-255C864797A2" />
            <Authority name="Transfer History"              roleId="1" menuItemId="BEC965C0-CBC9-41E4-BF7D-FDDBBB1272FC" />
            <Authority name="Trial Duration History"        roleId="1" menuItemId="19B7DD83-92A1-452D-A7C8-EBFE28DADFC3" />
        <Authority name="Inventory Lookup"              roleId="1" menuItemId="54043FC9-6240-46CB-A8C5-8414A2BA17B9" />
            <Authority name="Inventory Inquiry"             roleId="1" menuItemId="EDDFA7A9-F5BF-4DFD-BE3A-FC83F4EE2A50" />
            <Authority name="Inventory Inquiry by Serial"   roleId="1" menuItemId="F653FA0F-D7BE-4C72-A885-32DFF35FA3FD" />
    <Authority name="Configure"                     roleId="1" menuItemId="1435906C-2B05-4838-B9E9-245F4A89A75A" />
        <Authority name="Tracked Processes"             roleId="1" menuItemId="C4F9E7DA-D98E-457F-B3FA-6AC297980C25" />
        <Authority name="User Maintenance"              roleId="1" menuItemId="2B94F996-DCC8-441D-8F73-8803E9E7E09A" />
        <Authority name="Division Maintenance"          roleId="1" menuItemId="427167fe-297b-11e5-b345-feff819cdc9f" />
        <Authority name="Stryker Products"              roleId="1" menuItemId="658157ac-ffca-11e4-a322-1697f925ec7b" />
        <Authority name="Canadian Postal Codes"         roleId="1" menuItemId="658157ac-ffca-11e4-a322-1697f925ec7d" />
    <Authority name="Technicians" roleId="1" menuItemId="26f947fc-dc05-11e5-b5d2-0a1d41d68578" />
        <Authority name="Configurations"    roleId="1" menuItemId="26f94b44-dc05-11e5-b5d2-0a1d41d68578" />
        <Authority name="Config Assignment" roleId="1" menuItemId="26f94ce8-dc05-11e5-b5d2-0a1d41d68578" />
        <Authority name="Queue"             roleId="1" menuItemId="26f94e6e-dc05-11e5-b5d2-0a1d41d68578" />
    <Authority name="Stryker Global"                roleId="1" menuItemId="FBF76C29-4E2A-40C3-9B3E-E789BBD5B803" />
        <Authority name="Transfers"                     roleId="1" menuItemId="367DC6BC-23F6-4D77-B3DC-5358F6598728" />
            <Authority name="Transfer Parts to Kenco"       roleId="1" menuItemId="63FF242A-3E66-46A6-8FBD-3A6FD299351B" />
            <Authority name="Request Parts from Kenco"      roleId="1" menuItemId="8F7F7E04-4FE5-43CD-957C-FA61C9078117" />
        <Authority name="Inquiry"                       roleId="1" menuItemId="94A87EBB-00B5-4D1B-8D9B-C2B19A59BF0C" />
            <Authority name="Order Inquiry"                 roleId="1" menuItemId="EB925B1E-8D9E-4B92-94FB-B28858D75644" />
            <Authority name="Inventory Inquiry"             roleId="1" menuItemId="992E4351-04EA-477F-8012-2C91F98411BE" />
        <Authority name="Maintenance"                   roleId="1" menuItemId="3DD28334-8B89-4A27-A924-62426CD759D5" />
            <Authority name="Teams Maintenance"             roleId="1" menuItemId="4FFC46BF-4A68-44F4-A057-AD3F87BDC81B" />
            <Authority name="Vendor Maintenance"            roleId="1" menuItemId="5FC09B10-FE5F-4C14-A99D-0CF7649A21BE" />
            <Authority name="Ship-To Customer Maintenance"  roleId="1" menuItemId="9534005F-BC9E-4344-84B4-934B74BB9F89" />
            <Authority name="Delivery Location Maintenance" roleId="1" menuItemId="80982345-B333-4547-AB85-3DFB5D5D536D" />
    <Authority name="Help"                          roleId="1" menuItemId="4FC1E57D-3DDB-4326-A794-4D338DF37C4D" />
        <Authority name="Stryker User Manual"           roleId="1" menuItemId="E18E50E7-309C-4A0F-B585-4EE307ECD5D2" />


    <!--
    ********************************************************************************************************************
    * STRYKER_SIMS_SUPERUSER.
    ********************************************************************************************************************
    -->
    <Authority name="Activities"                    roleId="2" menuItemId="74E6F78B-B8C2-4D4F-AED2-819C05ECDD7B" />
        <Authority name="Request Transfer"              roleId="2" menuItemId="AAB142D2-489C-4A5D-A21C-9B469E4FB8B0" />
        <Authority name="Trial Transfers"               roleId="2" menuItemId="D66653AE-209B-43F5-B80A-4935B3C35CFF" />
        <Authority name="Inventory Mgmnt"               roleId="2" menuItemId="A421930C-CBE2-450A-B60D-5CC431F95BA9" />
        <Authority name="Tracked Process Logs"          roleId="2" menuItemId="EA55EF82-034A-4901-9A65-C07C773593D2" />
        <Authority name="Rep Contact Entry"             roleId="2" menuItemId="F675B821-394C-4865-B3E3-F2B32CA4AA50" />
        <Authority name="Sales Rep Maint"               roleId="2" menuItemId="E98FFCC9-0C0C-4B58-B940-81C99790B393" />
    <Authority name="Inquiry/Lookup"                roleId="2" menuItemId="6A3C7690-3C59-4E49-AC4A-C4321A10AC4E" />
        <Authority name="Order Inquiry"                 roleId="2" menuItemId="5AEAD5C9-F445-4036-96A9-7BFCA7646745" />
        <Authority name="History Lookup"                roleId="2" menuItemId="E408D380-9F05-4E60-9E82-255C864797A2" />
            <Authority name="Transfer History"              roleId="2" menuItemId="BEC965C0-CBC9-41E4-BF7D-FDDBBB1272FC" />
            <Authority name="Trial Duration History"        roleId="2" menuItemId="19B7DD83-92A1-452D-A7C8-EBFE28DADFC3" />
        <Authority name="Inventory Lookup"              roleId="2" menuItemId="54043FC9-6240-46CB-A8C5-8414A2BA17B9" />
            <Authority name="Inventory Inquiry"             roleId="2" menuItemId="EDDFA7A9-F5BF-4DFD-BE3A-FC83F4EE2A50" />
            <Authority name="Inventory Inquiry by Serial"   roleId="2" menuItemId="F653FA0F-D7BE-4C72-A885-32DFF35FA3FD" />
    <Authority name="Configure"                     roleId="2" menuItemId="1435906C-2B05-4838-B9E9-245F4A89A75A" />
        <Authority name="Tracked Processes"             roleId="2" menuItemId="C4F9E7DA-D98E-457F-B3FA-6AC297980C25" />
        <Authority name="User Maintenance"              roleId="2" menuItemId="2B94F996-DCC8-441D-8F73-8803E9E7E09A" />
        <Authority name="Stryker Products"              roleId="2" menuItemId="658157ac-ffca-11e4-a322-1697f925ec7b" />
        <Authority name="Canadian Postal Codes"         roleId="2" menuItemId="658157ac-ffca-11e4-a322-1697f925ec7d" />
    <Authority name="Technicians"                  roleId="2" menuItemId="26f947fc-dc05-11e5-b5d2-0a1d41d68578" />
        <Authority name="Configurations"                roleId="2" menuItemId="26f94b44-dc05-11e5-b5d2-0a1d41d68578" />
        <Authority name="Config Assignment"             roleId="2" menuItemId="26f94ce8-dc05-11e5-b5d2-0a1d41d68578" />
        <Authority name="Queue"                         roleId="2" menuItemId="26f94e6e-dc05-11e5-b5d2-0a1d41d68578" />
    <Authority name="Stryker Global"                roleId="2" menuItemId="FBF76C29-4E2A-40C3-9B3E-E789BBD5B803" />
        <Authority name="Transfers"                     roleId="2" menuItemId="367DC6BC-23F6-4D77-B3DC-5358F6598728" />
            <Authority name="Transfer Parts to Kenco"       roleId="2" menuItemId="63FF242A-3E66-46A6-8FBD-3A6FD299351B" />
            <Authority name="Request Parts from Kenco"      roleId="2" menuItemId="8F7F7E04-4FE5-43CD-957C-FA61C9078117" />
        <Authority name="Inquiry"                       roleId="2" menuItemId="94A87EBB-00B5-4D1B-8D9B-C2B19A59BF0C" />
            <Authority name="Order Inquiry"                 roleId="2" menuItemId="EB925B1E-8D9E-4B92-94FB-B28858D75644" />
            <Authority name="Inventory Inquiry"             roleId="2" menuItemId="992E4351-04EA-477F-8012-2C91F98411BE" />
        <Authority name="Maintenance"                   roleId="2" menuItemId="3DD28334-8B89-4A27-A924-62426CD759D5" />
            <Authority name="Teams Maintenance"             roleId="2" menuItemId="4FFC46BF-4A68-44F4-A057-AD3F87BDC81B" />
            <Authority name="Vendor Maintenance"            roleId="2" menuItemId="5FC09B10-FE5F-4C14-A99D-0CF7649A21BE" />
            <Authority name="Ship-To Customer Maintenance"  roleId="2" menuItemId="9534005F-BC9E-4344-84B4-934B74BB9F89" />
            <Authority name="Delivery Location Maintenance" roleId="2" menuItemId="80982345-B333-4547-AB85-3DFB5D5D536D" />
    <Authority name="Help"                          roleId="2" menuItemId="4FC1E57D-3DDB-4326-A794-4D338DF37C4D" />
    <Authority name="Stryker User Manual"           roleId="2" menuItemId="E18E50E7-309C-4A0F-B585-4EE307ECD5D2" />


    <!--
    ********************************************************************************************************************
    * STRYKER_SIMS_TRIALCOORDINATOR_MED
    ********************************************************************************************************************
    -->
    <Authority name="Activities"                  roleId="3" menuItemId="74E6F78B-B8C2-4D4F-AED2-819C05ECDD7B" />
        <Authority name="Request Transfer"            roleId="3" menuItemId="AAB142D2-489C-4A5D-A21C-9B469E4FB8B0" />
        <Authority name="Trial Transfers"             roleId="3" menuItemId="D66653AE-209B-43F5-B80A-4935B3C35CFF" />
        <Authority name="Inventory Mgmnt"             roleId="3" menuItemId="A421930C-CBE2-450A-B60D-5CC431F95BA9" />
        <Authority name="Rep Contact Entry"           roleId="3" menuItemId="F675B821-394C-4865-B3E3-F2B32CA4AA50" />
        <Authority name="Sales Rep Maint"             roleId="3" menuItemId="E98FFCC9-0C0C-4B58-B940-81C99790B393" />
    <Authority name="Inquiry/Lookup"              roleId="3" menuItemId="6A3C7690-3C59-4E49-AC4A-C4321A10AC4E" />
        <Authority name="Order Inquiry"               roleId="3" menuItemId="5AEAD5C9-F445-4036-96A9-7BFCA7646745" />
        <Authority name="History Lookup"              roleId="3" menuItemId="E408D380-9F05-4E60-9E82-255C864797A2" />
            <Authority name="Transfer History"            roleId="3" menuItemId="BEC965C0-CBC9-41E4-BF7D-FDDBBB1272FC" />
        <Authority name="Inventory Lookup"            roleId="3" menuItemId="54043FC9-6240-46CB-A8C5-8414A2BA17B9" />
            <Authority name="Inventory Inquiry"           roleId="3" menuItemId="EDDFA7A9-F5BF-4DFD-BE3A-FC83F4EE2A50" />
            <Authority name="Inventory Inquiry by Serial" roleId="3" menuItemId="F653FA0F-D7BE-4C72-A885-32DFF35FA3FD" />
    <Authority name="Technicians" roleId="3" menuItemId="26f947fc-dc05-11e5-b5d2-0a1d41d68578" />
        <Authority name="Configurations"    roleId="3" menuItemId="26f94b44-dc05-11e5-b5d2-0a1d41d68578" />
        <Authority name="Config Assignment" roleId="3" menuItemId="26f94ce8-dc05-11e5-b5d2-0a1d41d68578" />
        <Authority name="Queue"             roleId="3" menuItemId="26f94e6e-dc05-11e5-b5d2-0a1d41d68578" />
    <Authority name="Stryker Global"                roleId="3" menuItemId="FBF76C29-4E2A-40C3-9B3E-E789BBD5B803" />
        <Authority name="Inquiry"                       roleId="3" menuItemId="94A87EBB-00B5-4D1B-8D9B-C2B19A59BF0C" />
            <Authority name="Order Inquiry"                 roleId="3" menuItemId="EB925B1E-8D9E-4B92-94FB-B28858D75644" />
            <Authority name="Inventory Inquiry"             roleId="3" menuItemId="992E4351-04EA-477F-8012-2C91F98411BE" />
        <Authority name="Transfers"                     roleId="3" menuItemId="367DC6BC-23F6-4D77-B3DC-5358F6598728" />
            <Authority name="Request Parts from Kenco"      roleId="3" menuItemId="8F7F7E04-4FE5-43CD-957C-FA61C9078117" />
        <Authority name="Maintenance"                   roleId="3" menuItemId="3DD28334-8B89-4A27-A924-62426CD759D5" />
            <Authority name="Teams Maintenance"             roleId="3" menuItemId="4FFC46BF-4A68-44F4-A057-AD3F87BDC81B" />
            <Authority name="Vendor Maintenance"            roleId="3" menuItemId="5FC09B10-FE5F-4C14-A99D-0CF7649A21BE" />
            <Authority name="Ship-To Customer Maintenance"  roleId="3" menuItemId="9534005F-BC9E-4344-84B4-934B74BB9F89" />
            <Authority name="Delivery Location Maintenance" roleId="3" menuItemId="80982345-B333-4547-AB85-3DFB5D5D536D" />
    <Authority name="Help"                        roleId="3" menuItemId="4FC1E57D-3DDB-4326-A794-4D338DF37C4D" />
        <Authority name="Stryker User Manual"         roleId="3" menuItemId="E18E50E7-309C-4A0F-B585-4EE307ECD5D2" />


    <!--
    ********************************************************************************************************************
    * STRYKER_SIMS_TRIALCOORDINATOR_NAV
    ********************************************************************************************************************
    -->
    <Authority name="Activities"                  roleId="21" menuItemId="74E6F78B-B8C2-4D4F-AED2-819C05ECDD7B" />
        <Authority name="Request Transfer"            roleId="21" menuItemId="AAB142D2-489C-4A5D-A21C-9B469E4FB8B0" />
    <Authority name="Inquiry/Lookup"              roleId="21" menuItemId="6A3C7690-3C59-4E49-AC4A-C4321A10AC4E" />
        <Authority name="Order Inquiry"               roleId="21" menuItemId="5AEAD5C9-F445-4036-96A9-7BFCA7646745" />
        <Authority name="History Lookup"              roleId="21" menuItemId="E408D380-9F05-4E60-9E82-255C864797A2" />
            <Authority name="Transfer History"            roleId="21" menuItemId="BEC965C0-CBC9-41E4-BF7D-FDDBBB1272FC" />
        <Authority name="Inventory Lookup"            roleId="21" menuItemId="54043FC9-6240-46CB-A8C5-8414A2BA17B9" />
            <Authority name="Inventory Inquiry by Serial" roleId="21" menuItemId="F653FA0F-D7BE-4C72-A885-32DFF35FA3FD" />
    <Authority name="Technicians" roleId="21" menuItemId="26f947fc-dc05-11e5-b5d2-0a1d41d68578" />
        <Authority name="Configurations"    roleId="21" menuItemId="26f94b44-dc05-11e5-b5d2-0a1d41d68578" />
        <Authority name="Config Assignment" roleId="21" menuItemId="26f94ce8-dc05-11e5-b5d2-0a1d41d68578" />
        <Authority name="Queue"             roleId="21" menuItemId="26f94e6e-dc05-11e5-b5d2-0a1d41d68578" />
    <Authority name="Help"                        roleId="21" menuItemId="4FC1E57D-3DDB-4326-A794-4D338DF37C4D" />
        <Authority name="Stryker User Manual"         roleId="21" menuItemId="E18E50E7-309C-4A0F-B585-4EE307ECD5D2" />

    <!--
    ********************************************************************************************************************
    * STRYKER_SIMS_TRIALCOORDINATOR_COM
    ********************************************************************************************************************
    -->
    <Authority name="Activities"                  roleId="22" menuItemId="74E6F78B-B8C2-4D4F-AED2-819C05ECDD7B" />
        <Authority name="Request Transfer"            roleId="22" menuItemId="AAB142D2-489C-4A5D-A21C-9B469E4FB8B0" />
    <Authority name="Inquiry/Lookup"              roleId="22" menuItemId="6A3C7690-3C59-4E49-AC4A-C4321A10AC4E" />
        <Authority name="Order Inquiry"               roleId="22" menuItemId="5AEAD5C9-F445-4036-96A9-7BFCA7646745" />
        <Authority name="History Lookup"              roleId="22" menuItemId="E408D380-9F05-4E60-9E82-255C864797A2" />
            <Authority name="Transfer History"            roleId="22" menuItemId="BEC965C0-CBC9-41E4-BF7D-FDDBBB1272FC" />
        <Authority name="Inventory Lookup"            roleId="22" menuItemId="54043FC9-6240-46CB-A8C5-8414A2BA17B9" />
            <Authority name="Inventory Inquiry by Serial" roleId="22" menuItemId="F653FA0F-D7BE-4C72-A885-32DFF35FA3FD" />
    <Authority name="Technicians" roleId="22" menuItemId="26f947fc-dc05-11e5-b5d2-0a1d41d68578" />
        <Authority name="Configurations"    roleId="22" menuItemId="26f94b44-dc05-11e5-b5d2-0a1d41d68578" />
        <Authority name="Config Assignment" roleId="22" menuItemId="26f94ce8-dc05-11e5-b5d2-0a1d41d68578" />
        <Authority name="Queue"             roleId="22" menuItemId="26f94e6e-dc05-11e5-b5d2-0a1d41d68578" />
    <Authority name="Help"                        roleId="22" menuItemId="4FC1E57D-3DDB-4326-A794-4D338DF37C4D" />
        <Authority name="Stryker User Manual"         roleId="22" menuItemId="E18E50E7-309C-4A0F-B585-4EE307ECD5D2" />

    <!--
    ********************************************************************************************************************
    * STRYKER_SIMS_TRIALCOORDINATOR_END
    ********************************************************************************************************************
    -->
    <Authority name="Activities"                  roleId="43" menuItemId="74E6F78B-B8C2-4D4F-AED2-819C05ECDD7B" />
        <Authority name="Request Transfer"            roleId="43" menuItemId="AAB142D2-489C-4A5D-A21C-9B469E4FB8B0" />
        <Authority name="Trial Transfers"             roleId="43" menuItemId="D66653AE-209B-43F5-B80A-4935B3C35CFF" />
        <Authority name="Inventory Mgmnt"             roleId="43" menuItemId="A421930C-CBE2-450A-B60D-5CC431F95BA9" />
        <Authority name="Rep Contact Entry"           roleId="43" menuItemId="F675B821-394C-4865-B3E3-F2B32CA4AA50" />
        <Authority name="Sales Rep Maint"             roleId="43" menuItemId="E98FFCC9-0C0C-4B58-B940-81C99790B393" />
    <Authority name="Inquiry/Lookup"              roleId="43" menuItemId="6A3C7690-3C59-4E49-AC4A-C4321A10AC4E" />
        <Authority name="Order Inquiry"               roleId="43" menuItemId="5AEAD5C9-F445-4036-96A9-7BFCA7646745" />
        <Authority name="History Lookup"              roleId="43" menuItemId="E408D380-9F05-4E60-9E82-255C864797A2" />
        <Authority name="Transfer History"            roleId="43" menuItemId="BEC965C0-CBC9-41E4-BF7D-FDDBBB1272FC" />
        <Authority name="Inventory Lookup"            roleId="43" menuItemId="54043FC9-6240-46CB-A8C5-8414A2BA17B9" />
        <Authority name="Inventory Inquiry by Serial" roleId="43" menuItemId="F653FA0F-D7BE-4C72-A885-32DFF35FA3FD" />
    <Authority name="Technicians"                 roleId="43" menuItemId="26f947fc-dc05-11e5-b5d2-0a1d41d68578" />
        <Authority name="Configurations"              roleId="43" menuItemId="26f94b44-dc05-11e5-b5d2-0a1d41d68578" />
        <Authority name="Config Assignment"           roleId="43" menuItemId="26f94ce8-dc05-11e5-b5d2-0a1d41d68578" />
        <Authority name="Queue"                       roleId="43" menuItemId="26f94e6e-dc05-11e5-b5d2-0a1d41d68578" />
    <Authority name="Help"                        roleId="43" menuItemId="4FC1E57D-3DDB-4326-A794-4D338DF37C4D" />
    <Authority name="Stryker User Manual"         roleId="43" menuItemId="E18E50E7-309C-4A0F-B585-4EE307ECD5D2" />

    <!--
    ********************************************************************************************************************
    * STRYKER_SIMS_USER
    ********************************************************************************************************************
    -->
    <Authority name="Activities"                  roleId="6" menuItemId="74E6F78B-B8C2-4D4F-AED2-819C05ECDD7B" />
        <Authority name="Request Transfer"            roleId="6" menuItemId="AAB142D2-489C-4A5D-A21C-9B469E4FB8B0" />
    <Authority name="Inquiry/Lookup"              roleId="6" menuItemId="6A3C7690-3C59-4E49-AC4A-C4321A10AC4E" />
        <Authority name="Order Inquiry"               roleId="6" menuItemId="5AEAD5C9-F445-4036-96A9-7BFCA7646745" />
        <Authority name="History Lookup"              roleId="6" menuItemId="E408D380-9F05-4E60-9E82-255C864797A2" />
            <Authority name="Transfer History"            roleId="6" menuItemId="BEC965C0-CBC9-41E4-BF7D-FDDBBB1272FC" />
    <Authority name="Inventory Lookup"            roleId="6" menuItemId="54043FC9-6240-46CB-A8C5-8414A2BA17B9" />
        <Authority name="Inventory Inquiry by Serial" roleId="6" menuItemId="F653FA0F-D7BE-4C72-A885-32DFF35FA3FD" />
    <Authority name="Help"                        roleId="6" menuItemId="4FC1E57D-3DDB-4326-A794-4D338DF37C4D" />
        <Authority name="Stryker User Manual"         roleId="6" menuItemId="E18E50E7-309C-4A0F-B585-4EE307ECD5D2" />

    <!--
    ********************************************************************************************************************
    * STRYKER_SIMS_GLOBALADMIN_MED
    ********************************************************************************************************************
    -->
    <Authority name="Stryker Global"                roleId="4" menuItemId="FBF76C29-4E2A-40C3-9B3E-E789BBD5B803" />
        <Authority name="Inquiry/Lookup"                roleId="4" menuItemId="6A3C7690-3C59-4E49-AC4A-C4321A10AC4E" />
            <Authority name="Order Inquiry"                 roleId="4" menuItemId="5AEAD5C9-F445-4036-96A9-7BFCA7646745" />
            <Authority name="History Lookup"                roleId="4" menuItemId="E408D380-9F05-4E60-9E82-255C864797A2" />
                <Authority name="Transfer History"              roleId="4" menuItemId="BEC965C0-CBC9-41E4-BF7D-FDDBBB1272FC" />
        <Authority name="Inventory Lookup"              roleId="4" menuItemId="54043FC9-6240-46CB-A8C5-8414A2BA17B9" />
            <Authority name="Inventory Inquiry"             roleId="4" menuItemId="EDDFA7A9-F5BF-4DFD-BE3A-FC83F4EE2A50" />
            <Authority name="Inventory Inquiry by Serial"   roleId="4" menuItemId="F653FA0F-D7BE-4C72-A885-32DFF35FA3FD" />
        <Authority name="Inquiry"                       roleId="4" menuItemId="94A87EBB-00B5-4D1B-8D9B-C2B19A59BF0C" />
            <Authority name="Order Inquiry"                 roleId="4" menuItemId="EB925B1E-8D9E-4B92-94FB-B28858D75644" />
            <Authority name="Inventory Inquiry"             roleId="4" menuItemId="992E4351-04EA-477F-8012-2C91F98411BE" />
        <Authority name="Transfers"                     roleId="4" menuItemId="367DC6BC-23F6-4D77-B3DC-5358F6598728" />
            <Authority name="Request Parts from Kenco"      roleId="4" menuItemId="8F7F7E04-4FE5-43CD-957C-FA61C9078117" />
        <Authority name="Maintenance"                   roleId="4" menuItemId="3DD28334-8B89-4A27-A924-62426CD759D5" />
            <Authority name="Teams Maintenance"             roleId="4" menuItemId="4FFC46BF-4A68-44F4-A057-AD3F87BDC81B" />
            <Authority name="Vendor Maintenance"            roleId="4" menuItemId="5FC09B10-FE5F-4C14-A99D-0CF7649A21BE" />
            <Authority name="Ship-To Customer Maintenance"  roleId="4" menuItemId="9534005F-BC9E-4344-84B4-934B74BB9F89" />
            <Authority name="Delivery Location Maintenance" roleId="4" menuItemId="80982345-B333-4547-AB85-3DFB5D5D536D" />
        <Authority name="Help"                        roleId="4" menuItemId="4FC1E57D-3DDB-4326-A794-4D338DF37C4D" />
            <Authority name="Stryker User Manual"         roleId="4" menuItemId="E18E50E7-309C-4A0F-B585-4EE307ECD5D2" />

    <!--
    ********************************************************************************************************************
    * STRYKER_SIMS_GLOBAL_MED
    ********************************************************************************************************************
    -->
    <Authority name="Stryker Global"                roleId="23" menuItemId="FBF76C29-4E2A-40C3-9B3E-E789BBD5B803" />
        <Authority name="Inquiry/Lookup"                roleId="23" menuItemId="6A3C7690-3C59-4E49-AC4A-C4321A10AC4E" />
            <Authority name="Order Inquiry"                 roleId="23" menuItemId="5AEAD5C9-F445-4036-96A9-7BFCA7646745" />
            <Authority name="History Lookup"                roleId="23" menuItemId="E408D380-9F05-4E60-9E82-255C864797A2" />
               <Authority name="Transfer History"              roleId="23" menuItemId="BEC965C0-CBC9-41E4-BF7D-FDDBBB1272FC" />
        <Authority name="Inventory Lookup"              roleId="23" menuItemId="54043FC9-6240-46CB-A8C5-8414A2BA17B9" />
            <Authority name="Inventory Inquiry"             roleId="23" menuItemId="EDDFA7A9-F5BF-4DFD-BE3A-FC83F4EE2A50" />
            <Authority name="Inventory Inquiry by Serial"   roleId="23" menuItemId="F653FA0F-D7BE-4C72-A885-32DFF35FA3FD" />
        <Authority name="Inquiry"                       roleId="23" menuItemId="94A87EBB-00B5-4D1B-8D9B-C2B19A59BF0C" />
            <Authority name="Order Inquiry"                 roleId="23" menuItemId="EB925B1E-8D9E-4B92-94FB-B28858D75644" />
            <Authority name="Inventory Inquiry"             roleId="23" menuItemId="992E4351-04EA-477F-8012-2C91F98411BE" />
        <Authority name="Transfers"                     roleId="23" menuItemId="367DC6BC-23F6-4D77-B3DC-5358F6598728" />
            <Authority name="Request Parts from Kenco"      roleId="23" menuItemId="8F7F7E04-4FE5-43CD-957C-FA61C9078117" />
        <Authority name="Help"                        roleId="23" menuItemId="4FC1E57D-3DDB-4326-A794-4D338DF37C4D" />
            <Authority name="Stryker User Manual"         roleId="23" menuItemId="E18E50E7-309C-4A0F-B585-4EE307ECD5D2" />


    <!--
    ********************************************************************************************************************
    * STRYKER_SIMS_SALESREP.
    ********************************************************************************************************************
    -->
    <Authority name="Request Transfer" roleId="5" menuItemId="dea5a1a4-edcf-11e4-90ec-1681e6b88ec1" />
    <Authority name="Active Requests"  roleId="5" menuItemId="dea5a1a5-edcf-11e5-90ed-1681e6b88ec2" />
    <Authority name="Requests History" roleId="5" menuItemId="dea5a1a5-edcf-11e5-90ed-1681e6b88ec3" />
    <Authority name="Inventory"        roleId="5" menuItemId="dea5a500-edcf-11e4-90ec-1681e6b88ec1" />

    <!--
    ********************************************************************************************************************
    * STRYKER_SIMS_TECHNICIAN.
    ********************************************************************************************************************
    -->
    <Authority name="Technicians"       roleId="24" menuItemId="26f947fc-dc05-11e5-b5d2-0a1d41d68578" />
    <Authority name="Configurations"    roleId="24" menuItemId="26f94b44-dc05-11e5-b5d2-0a1d41d68578" />
    <Authority name="Config Assignment" roleId="24" menuItemId="26f94ce8-dc05-11e5-b5d2-0a1d41d68578" />
    <Authority name="Queue"             roleId="24" menuItemId="26f94e6e-dc05-11e5-b5d2-0a1d41d68578" />

</Authorities>