<?xml version="1.0" encoding="UTF-8"?>
<MenuItems>
    <!--
    ********************************************************************************************************************
    * Configure.
    ********************************************************************************************************************
    -->
    <MenuItem id="1435906C-2B05-4838-B9E9-245F4A89A75A" name="Configure" sequence="0" iconName="Configure.png" />
    <MenuItem id="C4F9E7DA-D98E-457F-B3FA-6AC297980C25" parentId="1435906C-2B05-4838-B9E9-245F4A89A75A" name="Tracked Processes" sequence="0"  action="trackedprocess.do" />
    <MenuItem id="2B94F996-DCC8-441D-8F73-8803E9E7E09A" parentId="1435906C-2B05-4838-B9E9-245F4A89A75A" name="User Maintenance"  sequence="10" action="userseditmaint.do" />
    <MenuItem id="427167fe-297b-11e5-b345-feff819cdc9f" parentId="1435906C-2B05-4838-B9E9-245F4A89A75A" name="Division Maintenance" sequence="20" action="divisionmaint.do" />
    <MenuItem id="658157ac-ffca-11e4-a322-1697f925ec7b" parentId="1435906C-2B05-4838-B9E9-245F4A89A75A" name="Stryker Products"  sequence="20" action="skumaint.do" />
    <MenuItem id="658157ac-ffca-11e4-a322-1697f925ec7d" parentId="1435906C-2B05-4838-B9E9-245F4A89A75A" name="Canadian Postal Codes" sequence="20" action="canadianpostalcodesmaint.do" />

    <!--
    ********************************************************************************************************************
    * Inquiry/Lookup.
    ********************************************************************************************************************
    -->
    <MenuItem id="6A3C7690-3C59-4E49-AC4A-C4321A10AC4E" name="Inquiry/Lookup" sequence="10" iconName="EyeGlasses.png" />
    <MenuItem id="E408D380-9F05-4E60-9E82-255C864797A2" parentId="6A3C7690-3C59-4E49-AC4A-C4321A10AC4E" name="History Lookup"         sequence="0" iconName="HourGlass.png" />
    <MenuItem id="BEC965C0-CBC9-41E4-BF7D-FDDBBB1272FC" parentId="E408D380-9F05-4E60-9E82-255C864797A2" name="Transfer History"       sequence="0"  action="stytransferhistory.do" />
    <MenuItem id="19B7DD83-92A1-452D-A7C8-EBFE28DADFC3" parentId="E408D380-9F05-4E60-9E82-255C864797A2" name="Trial Duration History" sequence="10" action="trialduration.do" />

    <MenuItem id="54043FC9-6240-46CB-A8C5-8414A2BA17B9" parentId="6A3C7690-3C59-4E49-AC4A-C4321A10AC4E" name="Inventory Lookup"            sequence="10" iconName="Inventory.png" />
    <MenuItem id="EDDFA7A9-F5BF-4DFD-BE3A-FC83F4EE2A50" parentId="54043FC9-6240-46CB-A8C5-8414A2BA17B9" name="Inventory Inquiry"           sequence="0"  action="styinventoryinquiry.do" />
    <MenuItem id="F653FA0F-D7BE-4C72-A885-32DFF35FA3FD" parentId="54043FC9-6240-46CB-A8C5-8414A2BA17B9" name="Inventory Inquiry by Serial" sequence="10" action="styinventoryinquiryserial.do" />

    <MenuItem id="5AEAD5C9-F445-4036-96A9-7BFCA7646745" parentId="6A3C7690-3C59-4E49-AC4A-C4321A10AC4E" name="Order Inquiry"               sequence="20" action="orderinquiryaction.do"  iconName="Order.png"/>

    <!--
    ********************************************************************************************************************
    * Activities.
    ********************************************************************************************************************
    -->
    <MenuItem id="74E6F78B-B8C2-4D4F-AED2-819C05ECDD7B" name="Activities" sequence="20" iconName="Activity.png" />
    <MenuItem id="AAB142D2-489C-4A5D-A21C-9B469E4FB8B0" parentId="74E6F78B-B8C2-4D4F-AED2-819C05ECDD7B" name="Request Transfer"     sequence="0"  action="trialentryheader.do" />
    <MenuItem id="AAB142D3-489D-4A5E-A21D-9B469E4FB8B1" parentId="74E6F78B-B8C2-4D4F-AED2-819C05ECDD7B" name="Active Requests"      sequence="5"  action="trialentrysearch.do" />
    <MenuItem id="AAB142D3-489D-4A5E-A21D-9B469E4FB8B2" parentId="74E6F78B-B8C2-4D4F-AED2-819C05ECDD7B" name="Requests History"     sequence="7"  action="trialentryhistory.do" />
    <MenuItem id="D66653AE-209B-43F5-B80A-4935B3C35CFF" parentId="74E6F78B-B8C2-4D4F-AED2-819C05ECDD7B" name="Trial Transfers"      sequence="10" action="trialtransferaction.do" />
    <MenuItem id="A421930C-CBE2-450A-B60D-5CC431F95BA9" parentId="74E6F78B-B8C2-4D4F-AED2-819C05ECDD7B" name="Inventory Mgmnt"      sequence="20" action="updatetrialinventory.do" />
    <MenuItem id="EA55EF82-034A-4901-9A65-C07C773593D2" parentId="74E6F78B-B8C2-4D4F-AED2-819C05ECDD7B" name="Tracked Process Logs" sequence="30" action="trackedprocesslog.do" />
    <MenuItem id="F675B821-394C-4865-B3E3-F2B32CA4AA50" parentId="74E6F78B-B8C2-4D4F-AED2-819C05ECDD7B" name="Rep Contact Entry"    sequence="40" action="repcontactentry.do" />
    <MenuItem id="E98FFCC9-0C0C-4B58-B940-81C99790B393" parentId="74E6F78B-B8C2-4D4F-AED2-819C05ECDD7B" name="Sales Rep Maint"      sequence="50" action="salesrepmaint.do" />
    <MenuItem id="D89CBB09-C2AF-4F62-9302-40096679E5CB" parentId="74E6F78B-B8C2-4D4F-AED2-819C05ECDD7B" name="Inventory"            sequence="60" action="salesrepinventory.do" />

    <!--
    ********************************************************************************************************************
    * Technicians
    ********************************************************************************************************************
    -->
    <MenuItem id="26f947fc-dc05-11e5-b5d2-0a1d41d68578" name="Technicians" sequence="25" iconName="Technician.png" />
    <MenuItem id="26f94b44-dc05-11e5-b5d2-0a1d41d68578" parentId="26f947fc-dc05-11e5-b5d2-0a1d41d68578" name="Configuration Items"    sequence="0"  action="technicianconfigurationitems.do" />
    <MenuItem id="26f94ce8-dc05-11e5-b5d2-0a1d41d68578" parentId="26f947fc-dc05-11e5-b5d2-0a1d41d68578" name="Model/Config Assignments" sequence="10" action="technicianmodelconfigurationassignment.do" />
    <MenuItem id="26f94e6e-dc05-11e5-b5d2-0a1d41d68578" parentId="26f947fc-dc05-11e5-b5d2-0a1d41d68578" name="Technician Queue"             sequence="20" action="technicianqueue.do" />

    <!--
    ********************************************************************************************************************
    * Sales-Reps.
    ********************************************************************************************************************
    -->
    <MenuItem id="dea5a1a4-edcf-11e4-90ec-1681e6b88ec1" name="Request Transfer" sequence="0"  iconName="Transfer.png"  action="trialentryheader" />
    <MenuItem id="dea5a1a5-edcf-11e5-90ed-1681e6b88ec2" name="Active Requests"  sequence="5"  iconName="Activity.png"  action="trialentrysearch" />
    <MenuItem id="dea5a1a5-edcf-11e5-90ed-1681e6b88ec3" name="Requests History" sequence="7"  iconName="History.png"   action="trialentryhistory" />
    <MenuItem id="dea5a500-edcf-11e4-90ec-1681e6b88ec1" name="Inventory"        sequence="10" iconName="Inventory.png" action="salesrepinventory" />

    <!--
    ********************************************************************************************************************
    * Stryker Global.
    ********************************************************************************************************************
    -->
    <MenuItem id="FBF76C29-4E2A-40C3-9B3E-E789BBD5B803" name="Stryker Global" sequence="30" iconName="Global.png" />
    <MenuItem id="94A87EBB-00B5-4D1B-8D9B-C2B19A59BF0C" parentId="FBF76C29-4E2A-40C3-9B3E-E789BBD5B803" name="Inquiry"           sequence="0" iconName="Inquiry.png" />
    <MenuItem id="EB925B1E-8D9E-4B92-94FB-B28858D75644" parentId="94A87EBB-00B5-4D1B-8D9B-C2B19A59BF0C" name="Order Inquiry"     sequence="0"  action="omsorderinquiry.do" />
    <MenuItem id="992E4351-04EA-477F-8012-2C91F98411BE" parentId="94A87EBB-00B5-4D1B-8D9B-C2B19A59BF0C" name="Inventory Inquiry" sequence="10" action="omsinventoryinquiry.do" />

    <MenuItem id="3DD28334-8B89-4A27-A924-62426CD759D5" parentId="FBF76C29-4E2A-40C3-9B3E-E789BBD5B803" name="Maintenance"                   sequence="10" iconName="Maintenance.png" />
    <MenuItem id="4FFC46BF-4A68-44F4-A057-AD3F87BDC81B" parentId="3DD28334-8B89-4A27-A924-62426CD759D5" name="Teams Maintenance"             sequence="0"  action="omsteammaint.do" />
    <MenuItem id="5FC09B10-FE5F-4C14-A99D-0CF7649A21BE" parentId="3DD28334-8B89-4A27-A924-62426CD759D5" name="Vendor Maintenance"            sequence="10" action="omsvendormaint.do" />
    <MenuItem id="9534005F-BC9E-4344-84B4-934B74BB9F89" parentId="3DD28334-8B89-4A27-A924-62426CD759D5" name="Ship-To Customer Maintenance"  sequence="20" action="omsshiptocustomermaint.do" />
    <MenuItem id="80982345-B333-4547-AB85-3DFB5D5D536D" parentId="3DD28334-8B89-4A27-A924-62426CD759D5" name="Delivery Location Maintenance" sequence="30" action="omsdeliverylocationmaint.do" />

    <MenuItem id="367DC6BC-23F6-4D77-B3DC-5358F6598728" parentId="FBF76C29-4E2A-40C3-9B3E-E789BBD5B803" name="Transfers"                sequence="20" iconName="Transfer.png" />
    <MenuItem id="63FF242A-3E66-46A6-8FBD-3A6FD299351B" parentId="367DC6BC-23F6-4D77-B3DC-5358F6598728" name="Transfer Parts to Kenco"  sequence="0"  action="omsinboundordermaint.do" />
    <MenuItem id="8F7F7E04-4FE5-43CD-957C-FA61C9078117" parentId="367DC6BC-23F6-4D77-B3DC-5358F6598728" name="Request Parts from Kenco" sequence="10" action="omsoutboundordermaint.do" />

    <!--
    ********************************************************************************************************************
    * Help.
    ********************************************************************************************************************
    -->
    <MenuItem id="4FC1E57D-3DDB-4326-A794-4D338DF37C4D" name="Help" sequence="40" iconName="Help.png" />
    <MenuItem id="E18E50E7-309C-4A0F-B585-4EE307ECD5D2" parentId="4FC1E57D-3DDB-4326-A794-4D338DF37C4D" name="Stryker User Manual" sequence="0" action="styhelpmanual.do" />
</MenuItems>