<?xml version="1.0" encoding="UTF-8"?>

<beans xmlns="http://www.springframework.org/schema/beans"
       xmlns:xsi="http://www.w3.org/2001/XMLSchema-instance"
       xmlns:c="http://www.springframework.org/schema/c"
       xmlns:p="http://www.springframework.org/schema/p"
       xmlns:util="http://www.springframework.org/schema/util"
       xmlns:sec="http://www.springframework.org/schema/security"
       xsi:schemaLocation="http://www.springframework.org/schema/beans    http://www.springframework.org/schema/beans/spring-beans.xsd
                           http://www.springframework.org/schema/util     http://www.springframework.org/schema/util/spring-util.xsd
                           http://www.springframework.org/schema/security http://www.springframework.org/schema/security/spring-security.xsd">

    <!-- Filters for processing of SAML messages -->
    <bean id="samlFilter" class="org.springframework.security.web.FilterChainProxy">
        <sec:filter-chain-map request-matcher="ant">
            <sec:filter-chain pattern="/saml/login/**" filters="samlEntryPoint"/>
            <sec:filter-chain pattern="/saml/logout/**" filters="samlLogoutFilter"/>
            <sec:filter-chain pattern="/saml/metadata/**" filters="metadataDisplayFilter"/>
            <sec:filter-chain pattern="/saml/SSO/**" filters="samlWebSSOProcessingFilter"/>
            <sec:filter-chain pattern="/saml/SSOHoK/**" filters="samlWebSSOHoKProcessingFilter"/>
            <sec:filter-chain pattern="/saml/SingleLogout/**" filters="samlLogoutProcessingFilter"/>
            <sec:filter-chain pattern="/saml/discovery/**" filters="samlIDPDiscovery"/>
        </sec:filter-chain-map>
    </bean>

    <!-- Handler deciding where to redirect user after successful login -->
    <bean id="successRedirectHandler" class="org.springframework.security.web.authentication.SavedRequestAwareAuthenticationSuccessHandler" p:defaultTargetUrl="/"/>
    <!-- Use the following for interpreting RelayState coming from unsolicited response as redirect URL:
    <bean id="successRedirectHandler" class="org.springframework.security.saml.SAMLRelayStateSuccessHandler" p:defaultTargetUrl="/"/> -->

    <!-- Handler deciding where to redirect user after failed login -->
    <bean id="failureRedirectHandler" class="org.springframework.security.web.authentication.SimpleUrlAuthenticationFailureHandler" p:useForward="true" p:defaultFailureUrl="/error.jsp"/>

    <!-- Handler for successful logout -->
    <bean id="successLogoutHandler" class="org.springframework.security.web.authentication.logout.SimpleUrlLogoutSuccessHandler" p:defaultTargetUrl="/logout.jsp"/>

    <!-- Logger for SAML messages and events -->
    <bean id="samlLogger" class="org.springframework.security.saml.log.SAMLDefaultLogger" p:logMessages="true" p:logErrors="true"/>

    <!-- Central storage of cryptographic keys -->
    <bean id="keyManager" class="org.springframework.security.saml.key.JKSKeyManager" c:storeFile="classpath:security/${service.sf.jks.name}"
                                                                                      c:storePass="${service.sf.jks.password}"
                                                                                      c:passwords-ref="passwords"
                                                                                      c:defaultKey="${service.sf.jks.key}"/>
    <util:map id="passwords" map-class="java.util.HashMap">
        <entry key="${service.sf.jks.key}" value="${service.sf.jks.password}"/>
    </util:map>


    <!-- Entry point to initialize authentication, default values taken from properties file -->
    <bean id="samlEntryPoint" class="org.springframework.security.saml.SAMLEntryPoint" p:defaultProfileOptions-ref="profileOptions"/>
    <bean id="profileOptions" class="org.springframework.security.saml.websso.WebSSOProfileOptions" p:includeScoping="false"
                                                                                                    p:binding="urn:oasis:names:tc:SAML:2.0:bindings:HTTP-POST"/>

    <!-- IDP Discovery Service TODO It should be automatically preselected !!!-->
    <!--<bean id="samlIDPDiscovery" class="org.springframework.security.saml.SAMLDiscovery" p:idpSelectionPath="/views/security/idpSelection.jsp"/>-->
    <bean id="samlIDPDiscovery" class="org.springframework.security.saml.SAMLDiscovery"/>

    <!-- Filter automatically generates default SP metadata -->
    <bean id="metadataGeneratorFilter" class="org.springframework.security.saml.metadata.MetadataGeneratorFilter" c:generator-ref="metadataGenerator"/>
    <bean id="metadataGenerator" class="org.springframework.security.saml.metadata.MetadataGenerator" p:entityId="${service.sf.url}"
                                                                                                      p:extendedMetadata-ref="extendedMetadata"
                                                                                                      p:entityBaseURL="${app.url}"
                                                                                                      p:includeDiscoveryExtension="true"
                                                                                                      p:assertionConsumerIndex="0"
                                                                                                      p:bindingsSSO="urn:oasis:names:tc:SAML:2.0:bindings:HTTP-POST"/>
    <bean id="extendedMetadata" class="org.springframework.security.saml.metadata.ExtendedMetadata" p:signMetadata="true"
                                                                                                    p:idpDiscoveryEnabled="true"
                                                                                                    p:trustedKeys-ref="trustedKeys"
                                                                                                    p:supportUnsolicitedResponse="true"
                                                                                                    p:idpDiscoveryResponseURL=""/>
    <util:set id="trustedKeys" set-class="java.util.HashSet">
        <value type="java.lang.String">${service.sf.jks.key}</value>
    </util:set>

    <!-- The filter is waiting for connections on URL suffixed with filterSuffix and presents SP metadata there -->
    <bean id="metadataDisplayFilter" class="org.springframework.security.saml.metadata.MetadataDisplayFilter"/>

    <!-- Configure HTTP Client to accept certificates from the keystore for HTTPS verification -->
    <!--<bean class="org.springframework.security.saml.trust.httpclient.TLSProtocolConfigurer" p:sslHostnameVerification="default"/>-->

    <!-- IDP Metadata configuration - paths to metadata of IDPs in circle of trust is here -->
    <bean id="metadata" class="org.springframework.security.saml.metadata.CachingMetadataManager" p:defaultIDP="${service.sf.url}">
        <constructor-arg>
            <list>
                <!-- Example of classpath metadata with Extended Metadata -->
<!--
                <bean class="org.springframework.security.saml.metadata.ExtendedMetadataDelegate">
                    <constructor-arg>
                        <bean class="org.opensaml.saml2.metadata.provider.ResourceBackedMetadataProvider" p:parserPool-ref="parserPool">
                            <constructor-arg> <bean class="java.util.Timer"/> </constructor-arg>
                            <constructor-arg> <bean class="org.opensaml.util.resource.ClasspathResource" c:path="/metadata/SAMLIdP-0spc0000000CaRq.xml"/> </constructor-arg>
                        </bean>
                    </constructor-arg>
                    <constructor-arg>
                        <bean class="org.springframework.security.saml.metadata.ExtendedMetadata"
                              p:local="true" p:securityProfile="metaiop" p:sslSecurityProfile="pkix" p:sslHostnameVerification="default" p:signMetadata="false" p:signingKey="KenkoSamlSalesForce"
                              p:encryptionKey="KenkoSamlSalesForce" p:requireArtifactResolveSigned="true" p:requireLogoutRequestSigned="true" p:requireLogoutResponseSigned="false"
                              p:idpDiscoveryEnabled="true" p:idpDiscoveryURL="${app.url}/saml/discovery" p:idpDiscoveryResponseURL="${app.url}/saml/login?idp=https://stryker&#45;&#45;COMMQA.cs28.my.salesforce.com"/>
                    </constructor-arg>
                </bean>
-->
                <!-- Example of HTTP metadata without Extended Metadata -->
                <bean class="org.opensaml.saml2.metadata.provider.HTTPMetadataProvider" c:metadataURL="${service.sf.url}/.well-known/samlidp.xml"
                                                                                        c:requestTimeout="15000"
                                                                                        p:parserPool-ref="parserPool"/>
            </list>
        </constructor-arg>
    </bean>

    <!-- SAML Authentication Provider responsible for validating of received SAML messages -->
    <bean id="samlAuthenticationProvider" class="org.springframework.security.saml.SAMLAuthenticationProvider" p:userDetails-ref="samlUserDetailsService"/>

    <bean id="samlUserDetailsService" class="com.kenco.sims.security.SalesForceSAMLUserDetailsService" p:service-ref="userService"/>

    <!-- Provider of default SAML Context -->
    <bean id="contextProvider" class="org.springframework.security.saml.context.SAMLContextProviderImpl"/>

    <!-- Processing filter for WebSSO profile messages -->
    <bean id="samlWebSSOProcessingFilter" class="org.springframework.security.saml.SAMLProcessingFilter"
          p:authenticationManager-ref="authenticationManager" p:authenticationSuccessHandler-ref="successRedirectHandler" p:authenticationFailureHandler-ref="failureRedirectHandler"/>

    <!-- Processing filter for WebSSO Holder-of-Key profile -->
    <bean id="samlWebSSOHoKProcessingFilter" class="org.springframework.security.saml.SAMLWebSSOHoKProcessingFilter"
          p:authenticationManager-ref="authenticationManager" p:authenticationSuccessHandler-ref="successRedirectHandler" p:authenticationFailureHandler-ref="failureRedirectHandler"/>

    <!-- Logout handler terminating local session -->
    <bean id="logoutHandler" class="org.springframework.security.web.authentication.logout.SecurityContextLogoutHandler" p:invalidateHttpSession="false"/>

    <!-- Override default logout processing filter with the one processing SAML messages -->
    <bean id="samlLogoutFilter" class="org.springframework.security.saml.SAMLLogoutFilter" c:_0-ref="successLogoutHandler" c:_1-ref="logoutHandler" c:_2-ref="logoutHandler"/>

    <!-- Filter processing incoming logout messages -->
    <!-- First argument determines URL user will be redirected to after successful global logout -->
    <bean id="samlLogoutProcessingFilter" class="org.springframework.security.saml.SAMLLogoutProcessingFilter" c:_0-ref="successLogoutHandler" c:_1-ref="logoutHandler"/>

    <!-- Class loading incoming SAML messages from httpRequest stream -->
    <bean id="processor" class="org.springframework.security.saml.processor.SAMLProcessorImpl">
        <constructor-arg>
            <list>
                <ref bean="redirectBinding"/>
                <ref bean="postBinding"/>
                <ref bean="artifactBinding"/>
                <ref bean="soapBinding"/>
                <ref bean="paosBinding"/>
            </list>
        </constructor-arg>
    </bean>

    <!-- SAML 2.0 WebSSO Assertion Consumer -->
    <bean id="webSSOprofileConsumer" class="org.springframework.security.saml.websso.WebSSOProfileConsumerImpl" p:maxAssertionTime="3600"
                                                                                                                p:maxAuthenticationAge="14400"
                                                                                                                p:responseSkew="120"/>

    <!-- SAML 2.0 Holder-of-Key WebSSO Assertion Consumer -->
    <bean id="hokWebSSOprofileConsumer" class="org.springframework.security.saml.websso.WebSSOProfileConsumerHoKImpl"/>

    <!-- SAML 2.0 Web SSO profile -->
    <bean id="webSSOprofile" class="org.springframework.security.saml.websso.WebSSOProfileImpl"/>

    <!-- SAML 2.0 Holder-of-Key Web SSO profile -->
    <bean id="hokWebSSOProfile" class="org.springframework.security.saml.websso.WebSSOProfileConsumerHoKImpl"/>

    <!-- SAML 2.0 ECP profile -->
    <bean id="ecpprofile" class="org.springframework.security.saml.websso.WebSSOProfileECPImpl"/>

    <!-- SAML 2.0 Logout Profile -->
    <bean id="logoutprofile" class="org.springframework.security.saml.websso.SingleLogoutProfileImpl" p:responseSkew="120"/>

    <!-- Bindings, encoders and decoders used for creating and parsing messages -->
    <bean id="postBinding" class="org.springframework.security.saml.processor.HTTPPostBinding" c:_0-ref="parserPool" c:_1-ref="velocityEngine"/>

    <bean id="redirectBinding" class="org.springframework.security.saml.processor.HTTPRedirectDeflateBinding" c:parserPool-ref="parserPool"/>

    <bean id="artifactBinding" class="org.springframework.security.saml.processor.HTTPArtifactBinding" c:parserPool-ref="parserPool" c:velocityEngine-ref="velocityEngine" c:artifactProfile-ref="artifactProfile"/>
    <bean id="artifactProfile" class="org.springframework.security.saml.websso.ArtifactResolutionProfileImpl" c:httpClient-ref="samlHttpClient" p:processor-ref="samlProcessor"/>
    <bean id="samlHttpClient" class="org.apache.commons.httpclient.HttpClient" c:httpConnectionManager-ref="httpConnectionManager"/>
    <bean id="httpConnectionManager" class="org.apache.commons.httpclient.MultiThreadedHttpConnectionManager"/>
    <bean id="samlProcessor" class="org.springframework.security.saml.processor.SAMLProcessorImpl" c:bindings-ref="soapBinding"/>

    <bean id="soapBinding" class="org.springframework.security.saml.processor.HTTPSOAP11Binding" c:parserPool-ref="parserPool"/>

    <bean id="paosBinding" class="org.springframework.security.saml.processor.HTTPPAOS11Binding" c:parserPool-ref="parserPool"/>

    <!-- Initialization of OpenSAML library-->
    <bean class="org.springframework.security.saml.SAMLBootstrap"/>

    <!-- Initialization of the velocity engine -->
    <bean id="velocityEngine" class="org.springframework.security.saml.util.VelocityFactory" factory-method="getEngine"/>

    <!-- XML parser pool needed for OpenSAML parsing -->
    <bean id="parserPool" class="org.opensaml.xml.parse.StaticBasicParserPool" init-method="initialize">
        <property name="builderFeatures">
            <map>
                <entry key="http://apache.org/xml/features/dom/defer-node-expansion" value="false"/>
            </map>
        </property>
    </bean>

    <bean id="parserPoolHolder" class="org.springframework.security.saml.parser.ParserPoolHolder"/>

</beans>