<?xml version="1.0" encoding="UTF-8"?>
<beans xmlns="http://www.springframework.org/schema/beans"
       xmlns:xsi="http://www.w3.org/2001/XMLSchema-instance"
       xmlns:c="http://www.springframework.org/schema/c"
       xmlns:p="http://www.springframework.org/schema/p"
       xmlns:sec="http://www.springframework.org/schema/security"
       xsi:schemaLocation="http://www.springframework.org/schema/beans    http://www.springframework.org/schema/beans/spring-beans.xsd
                           http://www.springframework.org/schema/security http://www.springframework.org/schema/security/spring-security-4.0.xsd">
    <!--
    ********************************************************************************************************************
    * Role Hierarchy.
    ********************************************************************************************************************
    -->
    <bean id="roleHierarchy" class="org.springframework.security.access.hierarchicalroles.RoleHierarchyImpl">
        <property name="hierarchy" value="STRYKER_SIMS_IT > STRYKER_SIMS_SUPERUSER
                                          STRYKER_SIMS_SUPERUSER > STRYKER_SIMS_SALESREP
                                          STRYKER_SIMS_SUPERUSER > STRYKER_SIMS_TECHNICIAN
                                          STRYKER_SIMS_SUPERUSER > STRYKER_SIMS_TRIALCOORDINATOR_MED
                                          STRYKER_SIMS_SUPERUSER > STRYKER_SIMS_TRIALCOORDINATOR_NAV
                                          STRYKER_SIMS_SUPERUSER > STRYKER_SIMS_TRIALCOORDINATOR_COM
                                          STRYKER_SIMS_SUPERUSER > STRYKER_SIMS_TRIALCOORDINATOR_END
                                          STRYKER_SIMS_TRIALCOORDINATOR_COM > STRYKER_SIMS_TRIALCOORDINATOR
                                          STRYKER_SIMS_TRIALCOORDINATOR_NAV > STRYKER_SIMS_TRIALCOORDINATOR
                                          STRYKER_SIMS_TRIALCOORDINATOR_MED > STRYKER_SIMS_GLOBALADMIN_MED
                                          STRYKER_SIMS_TRIALCOORDINATOR_END > STRYKER_SIMS_TRIALCOORDINATOR
                                          STRYKER_SIMS_GLOBALADMIN_MED > STRYKER_SIMS_GLOBAL_MED
                                          STRYKER_SIMS_GLOBAL_MED > STRYKER_SIMS_TRIALCOORDINATOR
                                          STRYKER_SIMS_TRIALCOORDINATOR > STRYKER_SIMS_USER"/>
    </bean>

    <!--
    ********************************************************************************************************************
    * Unsecured Content.
    ********************************************************************************************************************
    -->
    <sec:http security="none" pattern="/rest/kmsd"/>
    <sec:http security="none" pattern="/css/**"/>
    <sec:http security="none" pattern="/*/css/**"/>
    <sec:http security="none" pattern="/extjs4/**"/>
    <sec:http security="none" pattern="/js/extjs_v33/**"/>
    <sec:http security="none" pattern="/resources/**"/>
    <sec:http security="none" pattern="/images/**"/>
    <sec:http security="none" pattern="/logout.do"/>
    <sec:http security="none" pattern="/403.jsp"/>
    <sec:http security="none" pattern="/404.jsp"/>
    <sec:http security="none" pattern="/500.jsp"/>

    <sec:http security="none" pattern="/sf.jsp"/>

    <sec:http security="none" pattern="/rest/wes/inventory/*/*/*/*"/>

    <sec:debug/>
    
    <!--
    ********************************************************************************************************************
    * Secured Content.
    ********************************************************************************************************************
    -->
    <sec:http entry-point-ref="kencoSIMSEntryPoint" use-expressions="true" disable-url-rewriting="false">
        <!-- Header Configuration; We need to prevent caching to ensure that Spring Security gets to intercept every request.. -->
        <sec:headers>
            <sec:header name="Cache-Control" value="no-cache, no-store, max-age=0, must-revalidate"/>
            <sec:header name="Pragma" value="no-cache"/>
            <sec:frame-options disabled="true"/>
            <!--<sec:frame-options policy="ALLOW-FROM" strategy="whitelist" value="${service.sf.allowfrom}"/>-->
        </sec:headers>

        <!-- Sales Force SAML Metadata Generator Filter -->
        <sec:custom-filter ref="metadataGeneratorFilter" before="FIRST"/>

        <!-- CORS Filter -->
        <!--<sec:custom-filter ref="corsFilter" position="FIRST"/>-->

        <!-- Sales Force SAML Filter -->
        <sec:custom-filter ref="samlFilter" after="BASIC_AUTH_FILTER"/>

        <!-- Sales Force Filter -->
        <sec:custom-filter ref="authenticationTokenFilter" before="PRE_AUTH_FILTER"/>

        <!-- CAS-Related Filters -->
        <sec:custom-filter ref="casAuthenticationFilter" position="CAS_FILTER"/>
        <sec:custom-filter ref="requestSingleLogoutFilter" before="LOGOUT_FILTER"/>
        <sec:custom-filter ref="singleLogoutFilter" before="CAS_FILTER"/>

        <!-- This is the handler for the URL Intercepts below. -->
        <sec:expression-handler ref="webExpressionHandler"/>

        <!-- Custom URL Interceptors. -->
        <sec:intercept-url pattern="/trialentryheader.do"           access="hasAnyRole('STRYKER_SIMS_USER','STRYKER_SIMS_SALESREP')"/>
        <sec:intercept-url pattern="/trialentrysearch.do"           access="hasAnyRole('STRYKER_SIMS_USER','STRYKER_SIMS_SALESREP')"/>
        <sec:intercept-url pattern="/trialtransferaction.do"        access="hasRole('STRYKER_SIMS_TRIALCOORDINATOR')"/>
        <sec:intercept-url pattern="/updatetrialinventory.do"       access="hasRole('STRYKER_SIMS_TRIALCOORDINATOR')"/>
        <sec:intercept-url pattern="/trackedprocesslog.do"          access="hasRole('STRYKER_SIMS_TRIALCOORDINATOR')"/>
        <sec:intercept-url pattern="/repcontactentry.do"            access="hasRole('STRYKER_SIMS_TRIALCOORDINATOR')"/>
        <sec:intercept-url pattern="/salesrepmaint.do"              access="hasRole('STRYKER_SIMS_TRIALCOORDINATOR')"/>
        <sec:intercept-url pattern="/trackedprocess.do"             access="hasRole('STRYKER_SIMS_TRIALCOORDINATOR')"/>
        <sec:intercept-url pattern="/styinventoryinquiry.do"        access="hasRole('STRYKER_SIMS_TRIALCOORDINATOR')"/>
        <sec:intercept-url pattern="/styhelpmanual.do"              access="hasRole('STRYKER_SIMS_USER')"/>
        <sec:intercept-url pattern="/styinventoryinquiryserial.do"  access="hasRole('STRYKER_SIMS_USER')"/>
        <sec:intercept-url pattern="/stytransferhistory.do"         access="hasRole('STRYKER_SIMS_USER')"/>
        <sec:intercept-url pattern="/trialduration.do"              access="hasRole('STRYKER_SIMS_USER')"/>
        <sec:intercept-url pattern="/orderinquiryaction.do"         access="hasRole('STRYKER_SIMS_USER')"/>
        <sec:intercept-url pattern="/omsteammaint.do"               access="hasRole('STRYKER_SIMS_GLOBAL_MED')"/>
        <sec:intercept-url pattern="/omsvendormaint.do"             access="hasRole('STRYKER_SIMS_GLOBAL_MED')"/>
        <sec:intercept-url pattern="/omsshiptocustomermaint.do"     access="hasRole('STRYKER_SIMS_GLOBAL_MED')"/>
        <sec:intercept-url pattern="/omsdeliverylocationmaint.do"   access="hasRole('STRYKER_SIMS_GLOBAL_MED')"/>
        <sec:intercept-url pattern="/omsorderinquiry.do"            access="hasRole('STRYKER_SIMS_GLOBAL_MED')"/>
        <sec:intercept-url pattern="/omsinventoryinquiry.do"        access="hasRole('STRYKER_SIMS_GLOBAL_MED')"/>
        <sec:intercept-url pattern="/omsinboundordermaint.do"       access="hasRole('STRYKER_SIMS_GLOBAL_MED')"/>
        <sec:intercept-url pattern="/omsoutboundordermaint.do"      access="hasRole('STRYKER_SIMS_GLOBAL_MED')"/>
        <sec:intercept-url pattern="/salesrepinventory.do"          access="hasAnyRole('STRYKER_SIMS_SALESREP','STRYKER_SIMS_TRIALCOORDINATOR','STRYKER_SIMS_TRIALCOORDINATOR_MED','STRYKER_SIMS_TRIALCOORDINATOR_COM', 'STRYKER_SIMS_TRIALCOORDINATOR_END', 'STRYKER_SIMS_TRIALCOORDINATOR_NAV')"/>

        <!-- If not explicitly exempted, lock it down with at least a minimal defined role. -->
        <sec:intercept-url pattern="/**" access="hasAnyRole('STRYKER_SIMS_TECHNICIAN', 'STRYKER_SIMS_SALESREP', 'STRYKER_SIMS_GLOBAL_MED', 'STRYKER_SIMS_USER', 'STRYKER_SIMS_SUPERUSER', 'STRYKER_SIMS_IT')"/>

        <!-- This configures the URL a user must visit in order to log out of the system. -->
        <sec:logout logout-url="/j_spring_cas_security_logout" logout-success-url="/cas-logout.jsp"/>

        <sec:csrf disabled="true"/>
    </sec:http>

    <!--
    ********************************************************************************************************************
    * Kenco Custom Authentication Entry Point. Combining all possible ones. Experimental.
    ********************************************************************************************************************
    -->
    <bean id="kencoSIMSEntryPoint" class="com.kenco.sims.security.KencoSIMSEntryPoint">
        <constructor-arg>
            <list>
                <ref bean="casEntryPoint"/>
                <ref bean="samlEntryPoint"/>
            </list>
        </constructor-arg>
        <property name="metadataManager" ref="metadata"/>
    </bean>

    <!--
    ********************************************************************************************************************
    * Authentication Manager.
    ********************************************************************************************************************
    -->
    <sec:authentication-manager alias="authenticationManager">
        <sec:authentication-provider ref="samlAuthenticationProvider"/>
        <sec:authentication-provider ref="salesForceAuthenticationProvider"/>
        <sec:authentication-provider ref="casAuthenticationProvider"/>
    </sec:authentication-manager>

    <!--
    ********************************************************************************************************************
    * CORS Filter
    ********************************************************************************************************************
    -->
    <!--<bean id="corsFilter" class="com.kenco.sims.http.CORSFilter"/>-->

    <!--
    ********************************************************************************************************************
    * Sales Force Authentication Token Provider.
    ********************************************************************************************************************
    -->
    <bean id="salesForceAuthenticationProvider" class="com.kenco.sims.security.SalesForceAuthenticationProvider"
          p:userService-ref="sfUserDetailsService"
          p:username="${sales.force.sims.application.id}"
          p:password="${sales.force.sims.application.password}"/>

    <!--
    ********************************************************************************************************************
    * Sales Force Authentication Details Source.
    ********************************************************************************************************************
    -->
    <bean id="salesForceAuthDetailsSource" class="com.kenco.sims.security.SalesForceWebAuthenticationDetailsSource" c:consumerSecret="${service.sf.client.secret}"/>


    <!--
    ********************************************************************************************************************
    * Sales Force Authentication Token Filter.
    ********************************************************************************************************************
    -->
    <bean id="authenticationTokenFilter" class="com.kenco.sims.security.SalesForceAuthenticationFilter"
          p:authenticationManager-ref="authenticationManager"
          p:authenticationDetailsSource-ref="salesForceAuthDetailsSource"
          p:authenticationFailureHandler-ref="casAuthFailureHandler"
          p:filterProcessesUrl="/kmsd"/>

    <!--
    ********************************************************************************************************************
    * User Details Service.
    ********************************************************************************************************************
    -->
    <bean id="userDetailsService" class="com.kenco.api.security.userdetails.KencoUserDetailsService" p:service-ref="userService"/>
    <bean id="sfUserDetailsService" class="com.kenco.sims.security.SalesForceKencoUserDetailsService" p:service-ref="userService"/>

    <!--
    ********************************************************************************************************************
    * Method-Level Security.
    ********************************************************************************************************************
    -->
    <sec:global-method-security secured-annotations="enabled" pre-post-annotations="enabled">
        <sec:expression-handler ref="methodSecurityExpressionHandler"/>
    </sec:global-method-security>

    <!--
    ********************************************************************************************************************
    * Permission Evaluator.
    ********************************************************************************************************************
    -->
    <bean id="permissionEvaluator"
          class="com.kenco.sims.security.permission.RoleBasedPermissionEvaluator"
          c:hierarchy-ref="roleHierarchy"
          p:minimumAdminRole="STRYKER_SIMS_SUPERUSER"/>

    <!--
    ********************************************************************************************************************
    * Security-related Utility Beans.
    ********************************************************************************************************************
    -->
    <bean id="methodSecurityExpressionHandler"
          class="org.springframework.security.access.expression.method.DefaultMethodSecurityExpressionHandler"
          p:roleHierarchy-ref="roleHierarchy"
          p:permissionEvaluator-ref="permissionEvaluator"
          p:defaultRolePrefix=""/>

    <bean id="webExpressionHandler"
          class="org.springframework.security.web.access.expression.DefaultWebSecurityExpressionHandler"
          p:roleHierarchy-ref="roleHierarchy"
          p:permissionEvaluator-ref="permissionEvaluator"
          p:defaultRolePrefix=""/>

    <bean id="roleVoter"
          class="org.springframework.security.access.vote.RoleHierarchyVoter"
          c:roleHierarchy-ref="roleHierarchy"
          p:rolePrefix=""/>
</beans>