<?xml version="1.0" encoding="UTF-8"?>
<beans xmlns="http://www.springframework.org/schema/beans"
       xmlns:xsi="http://www.w3.org/2001/XMLSchema-instance"
       xmlns:c="http://www.springframework.org/schema/c"
       xmlns:p="http://www.springframework.org/schema/p"
       xsi:schemaLocation="http://www.springframework.org/schema/beans http://www.springframework.org/schema/beans/spring-beans-4.0.xsd">
    <bean id="serviceProperties"
          class="org.springframework.security.cas.ServiceProperties"
          p:service="${app.url}/login/cas" />

    <bean id="casAuthenticationFilter"
          class="org.springframework.security.cas.web.CasAuthenticationFilter"
          p:authenticationManager-ref="authenticationManager"
          p:serviceProperties-ref="serviceProperties"
          p:authenticationDetailsSource-ref="casAuthDetailsSource"
          p:authenticationFailureHandler-ref="casAuthFailureHandler"
          p:filterProcessesUrl="/login/cas"/>

    <bean id="casEntryPoint"
          class="org.springframework.security.cas.web.CasAuthenticationEntryPoint"
          p:loginUrl="${cas.url}/login"
          p:serviceProperties-ref="serviceProperties" />

    <bean id="casAuthenticationProvider"
          class="org.springframework.security.cas.authentication.CasAuthenticationProvider"
          p:serviceProperties-ref="serviceProperties"
          p:key="${app.cas.key}"
          p:ticketValidator-ref="casTicketValidator"
          p:authenticationUserDetailsService-ref="userDetailsService" />

<!--
    <bean id="casTicketValidator"
          class="org.jasig.cas.client.validation.Cas20ProxyTicketValidator"
          c:casServerUrlPrefix="${cas.url}"
          p:proxyCallbackUrl="${app.url}/j_spring_cas_security_proxyreceptor"
          p:proxyGrantingTicketStorage-ref="proxyGrantingTicketStorage"
          p:acceptAnyProxy="true"/>
-->

    <bean id="casTicketValidator"
          class="org.jasig.cas.client.validation.Cas20ServiceTicketValidator"
          c:casServerUrlPrefix="${cas.url}" />

    <bean id="casAuthDetailsSource"
          class="org.springframework.security.cas.web.authentication.ServiceAuthenticationDetailsSource"
          c:serviceProperties-ref="serviceProperties"/>

    <bean id="casAuthFailureHandler"
          class="org.springframework.security.web.authentication.SimpleUrlAuthenticationFailureHandler"
          p:defaultFailureUrl="/403.jsp" />

    <bean id="singleLogoutFilter"
          class="org.jasig.cas.client.session.SingleSignOutFilter" />

    <bean id="requestSingleLogoutFilter"
          class="org.springframework.security.web.authentication.logout.LogoutFilter"
          p:filterProcessesUrl="/j_spring_cas_security_logout"
          c:logoutSuccessUrl="${cas.url}/logout"
          c:handlers-ref="logoutHandler" />

    <bean id="logoutHandler"
          class="org.springframework.security.web.authentication.logout.SecurityContextLogoutHandler"/>
</beans>