<!DOCTYPE log4j:configuration SYSTEM "http://jakarta.apache.org/log4j/1.2/apidocs/org/apache/log4j/xml/doc-files/log4j.dtd">
<log4j:configuration debug="false" xmlns:log4j="http://jakarta.apache.org/log4j/">

    <appender name="console" class="org.apache.log4j.ConsoleAppender">
        <layout class="org.apache.log4j.PatternLayout">
            <param name="ConversionPattern" value="%d %p [%c] - &lt;%m&gt;%n"/>
        </layout>
    </appender>

    <logger name="org.springframework.security.saml" additivity="false">
        <level value="INFO" />
        <appender-ref ref="console" />
    </logger>

    <root>
        <level value="INFO" />
        <appender-ref ref="console" />
    </root>
</log4j:configuration>
