<?xml version="1.0" encoding="UTF-8"?>
<configuration debug="true">
    <appender name="CONSOLE" class="ch.qos.logback.core.ConsoleAppender">
        <encoder>
            <pattern>%-4relative %d{yyyy-MM-dd HH:mm:ss.SSS} [%thread] %-5level %logger{35} - %msg %n</pattern>
        </encoder>
    </appender>

    <appender name="FILE" class="ch.qos.logback.core.rolling.RollingFileAppender">
        <file>${log.base}/SIMS.log</file>

        <rollingPolicy class="ch.qos.logback.core.rolling.TimeBasedRollingPolicy">
            <fileNamePattern>${log.base}/archive/SIMS/SIMS.%d{yyyy-MM-dd_HH}.log.gz</fileNamePattern>
            <maxHistory>720</maxHistory>
        </rollingPolicy>

        <encoder>
            <pattern>%-4relative %d{yyyy-MM-dd HH:mm:ss.SSS} [%thread] %-5level %logger{35} - %msg %n</pattern>
        </encoder>
    </appender>

    <appender name="EMAIL" class="ch.qos.logback.classic.net.SMTPAppender">
        <smtpHost>smtp.office365.com</smtpHost>
        <smtpPort>587</smtpPort>
        <username>NoReply_SIMS@kencogroup.com</username>
        <password>D13tc0ke!</password>
        <STARTTLS>true</STARTTLS>

        <to>${log.error.email.group}</to>
        <from>NoReply_SIMS@kencogroup.com</from>
        <subject>SIMS has encountered an unknown exception.</subject>
        <layout class="ch.qos.logback.classic.html.HTMLLayout" />

        <cyclicBufferTracker class="ch.qos.logback.core.spi.CyclicBufferTracker">
            <bufferSize>25</bufferSize>
        </cyclicBufferTracker>

        <filter class="ch.qos.logback.core.filter.EvaluatorFilter">
            <OnMatch>DENY</OnMatch>
            <OnMismatch>NEUTRAL</OnMismatch>

            <evaluator>
                <matcher>
                    <Name>matchInvalidPath</Name>
                    <regex>Invalid path was requested</regex>
                </matcher>

                <expression>matchInvalidPath.matches(formattedMessage)</expression>
            </evaluator>
        </filter>
    </appender>

<!--
    <appender name="JDBC" class="ch.qos.logback.classic.db.DBAppender">
        <connectionSource class="ch.qos.logback.core.db.JNDIConnectionSource">
            <jndiLocation>java:comp/env/jdbc/LOGBACK</jndiLocation>
        </connectionSource>

        <filter class="ch.qos.logback.classic.filter.LevelFilter">
            <level>DEBUG</level>
            <onMatch>ACCEPT</onMatch>
            <onMismatch>DENY</onMismatch>
        </filter>
    </appender>

    <logger name="com.kenco" level="DEBUG">
        <appender-ref ref="JDBC" />
    </logger>
-->

    <logger name="org.springframework.security.saml" level="INFO">
        <appender-ref ref="CONSOLE" />
    </logger>

    <logger name="com.kenco"                    level="${log.default.logging.level}" />
    <logger name="org.springframework"          level="${log.default.api.logging.level}" />
    <logger name="org.hibernate"                level="${log.default.api.logging.level}" />
    <logger name="org.hibernate.sql"            level="${log.default.api.logging.level}" />
    <logger name="org.hibernate.type"           level="${log.default.api.logging.level}" />
    <logger name="org.eclipse"                  level="${log.default.api.logging.level}" />
    <logger name="org.springframework.security" level="${log.default.api.logging.level}" />
    <logger name="org.jasig.cas.client"         level="${log.default.api.logging.level}" />
    <logger name="ch.qos.logback"               level="${log.default.api.logging.level}" />

    <root level="INFO">
        <appender-ref ref="FILE" />
        <appender-ref ref="CONSOLE" />
        <appender-ref ref="EMAIL" />
    </root>
</configuration>