<?xml version="1.0" encoding="UTF-8"?>
<!DOCTYPE log4j:configuration SYSTEM "log4j.dtd">
<log4j:configuration xmlns:log4j="http://jakarta.apache.org/log4j/">
    <!-- Console Appender -->
    <appender name="console" class="org.apache.log4j.ConsoleAppender">
        <param name="Target" value="System.out" />
        <layout class="org.apache.log4j.PatternLayout">
            <param name="ConversionPattern" value="[%d{ISO8601}] %5p %C:%L - %m%n"/>
        </layout>
    </appender>

    <!-- File Appender -->
    <appender name="file" class="org.apache.log4j.RollingFileAppender">
   		<param name="File" value="${log.base}/SIMS/SIMS.log" />
        <param name="MaxBackupIndex" value="20" />
        <param name="ImmediateFlush" value="true" />
        <param name="MaxFileSize" value="20000KB" />
        <layout class="org.apache.log4j.PatternLayout">
            <param name="ConversionPattern" value="[%d{ISO8601}] %5p %C:%L - %m%n"/>
        </layout>
   	</appender>

    <appender name="async" class="org.apache.log4j.AsyncAppender">
        <appender-ref ref="file" />
    </appender>

    <!-- Email Appender -->
    <!--
    No-Op'ing this for now.  Too many useless logs getting blasted out.
    -->

    <!-- Loggers -->
    <logger name="com.kenco">
        <level value="TRACE" />
    </logger>
    <logger name="com.mchange">
        <level value="WARN" />
    </logger>
    <logger name="org.eclipse.persistence">
        <level value="WARN" />
    </logger>
    <logger name="org.apache">
        <level value="WARN" />
    </logger>
    <logger name="javax.persistence">
        <level value="WARN" />
    </logger>

    <root>
        <priority value="WARN" />
        <appender-ref ref="console" />
        <appender-ref ref="async" />
    </root>
</log4j:configuration>