<?xml version="1.0" encoding="UTF-8"?>
<beans xmlns="http://www.springframework.org/schema/beans"
       xmlns:xsi="http://www.w3.org/2001/XMLSchema-instance"
       xmlns:p="http://www.springframework.org/schema/p"
       xmlns:tx="http://www.springframework.org/schema/tx"
       xmlns:task="http://www.springframework.org/schema/task"
       xmlns:context="http://www.springframework.org/schema/context"
       xmlns:util="http://www.springframework.org/schema/util"
       xsi:schemaLocation="http://www.springframework.org/schema/beans   http://www.springframework.org/schema/beans/spring-beans-4.0.xsd
                           http://www.springframework.org/schema/tx      http://www.springframework.org/schema/tx/spring-tx.xsd
                           http://www.springframework.org/schema/task    http://www.springframework.org/schema/task/spring-task.xsd
                           http://www.springframework.org/schema/util    http://www.springframework.org/schema/util/spring-util.xsd
                           http://www.springframework.org/schema/context http://www.springframework.org/schema/context/spring-context-4.0.xsd">
    <!--
    ********************************************************************************************************************
    * Configuration Imports
    ********************************************************************************************************************
    -->
    <import resource="jms/amqContext.xml"/>
    <import resource="security/samlContext.xml"/>
    <import resource="security/ssoContext.xml"/>
    <import resource="security/securityContext.xml"/>
    <import resource="jdbc/jdbcContext.xml"/>
    <import resource="jpa/hibernateJpaContext.xml"/>
    <import resource="integration/integrationContext.xml"/>

    <!--
    ********************************************************************************************************************
    * Package Scanning
    ********************************************************************************************************************
    -->
    <context:annotation-config/>
    <context:component-scan base-package="com.kenco.sims.repository"/>
    <context:component-scan base-package="com.kenco.sims.service"/>
    <context:component-scan base-package="com.kenco.rest"/>

    <!--
    ********************************************************************************************************************
    * Asynchronous Processing
    ********************************************************************************************************************
    -->
    <task:annotation-driven scheduler="scheduler"/>
    <task:scheduler id="scheduler" pool-size="5"/>

    <!--
    ********************************************************************************************************************
    * Declarative Transactions
    ********************************************************************************************************************
    -->
    <tx:annotation-driven transaction-manager="transactionManager" proxy-target-class="true"/>

    <!--
    ********************************************************************************************************************
    * JPA Entity Manager
    ********************************************************************************************************************
    -->
    <bean id="entityManager"
          class="org.springframework.orm.jpa.LocalContainerEntityManagerFactoryBean"
          p:packagesToScan="com.kenco.sims.entity"
          p:dataSource-ref="dataSource"
          p:jpaDialect-ref="jpaDialect"
          p:jpaVendorAdapter-ref="jpaVendorAdapter"
          p:jpaProperties-ref="jpaProperties"/>

    <!--
    ********************************************************************************************************************
    * Application environmental properties
    ********************************************************************************************************************
    -->
    <bean id="propertiesUtil" class="org.springframework.beans.factory.config.PropertyPlaceholderConfigurer">
        <property name="ignoreUnresolvablePlaceholders" value="true"/>
        <property name="locations">
            <list>
                <value>classpath:config.properties</value>
                <value>classpath*:application_kencorest_${kenco-data.prop.env}.properties</value>
                <value>classpath*:application_kencodata.properties</value>
            </list>
        </property>
    </bean>

    <!--
    ********************************************************************************************************************
    * Rest Templates
    ********************************************************************************************************************
    -->
    <bean id="httpClientFactory" class="com.kenco.sims.http.client.HttpClientFactory"/>

    <bean name="httpClient" factory-bean="httpClientFactory" factory-method="create"/>

    <bean id="restTemplate" class="org.springframework.web.client.RestTemplate">
        <property name="requestFactory">
            <bean class="org.springframework.http.client.HttpComponentsClientHttpRequestFactory"
                  p:connectTimeout="${service.connect.timeout}"
                  p:readTimeout="${service.read.timeout}"
                  p:httpClient-ref="httpClient"/>
        </property>
    </bean>

    <!--
    ********************************************************************************************************************
    * Utility Beans
    ********************************************************************************************************************
    -->
    <bean id="springContextHolder"
          class="com.kenco.struts.utilities.SpringContextHolder"/>

    <bean id="mailSender"
          class="org.springframework.mail.javamail.JavaMailSenderImpl"
          p:host="smtp.office365.com"
          p:port="587"
          p:username="NoReply_SIMS@kencogroup.com"
          p:password="D13tc0ke!"
          p:javaMailProperties-ref="mailProperties"/>

    <util:properties id="mailProperties">
        <prop key="mail.smtp.auth">true</prop>
        <prop key="mail.smtp.starttls.enable">true</prop>
        <prop key="mail.smtp.from">NoReply_SIMS@kencogroup.com</prop>
    </util:properties>
</beans>